[
  {
    "name": "Fibonacci",
    "difficulty": "Easy",
    "category": "Dynamic Programming",
    "description": "A classic DP problem where overlapping subproblems are solved efficiently using memoization or tabulation to compute the nth Fibonacci number.",
    "best": "O(1)",
    "avg": "O(n)",
    "worst": "O(n)",
    "link": "/ComingSoon"
  },
  {
    "name": "Knapsack",
    "difficulty": "Medium",
    "category": "Dynamic Programming",
    "description": "Solves the optimization problem of selecting items with given weights and values to maximize value within a weight limit, commonly using a DP table.",
    "best": "O(nW)",
    "avg": "O(nW)",
    "worst": "O(nW)",
    "link": "/ComingSoon"
  },
  {
    "name": "Longest Common Subsequence",
    "difficulty": "Medium",
    "category": "Dynamic Programming",
    "description": "Finds the longest subsequence present in two sequences using a DP table to track lengths for all prefixes of the strings.",
    "best": "O(nm)",
    "avg": "O(nm)",
    "worst": "O(nm)",
    "link": "/ComingSoon"
  },
  {
    "name": "Edit Distance",
    "difficulty": "Medium",
    "category": "Dynamic Programming",
    "description": "Minimizes the number of insertions, deletions, or substitutions required to convert one string to another using a 2D DP matrix.",
    "best": "O(nm)",
    "avg": "O(nm)",
    "worst": "O(nm)",
    "link": "/ComingSoon"
  }
]
