[
  {
    "name": "Dijkstra's Algorithm",
    "difficulty": "Medium",
    "category": "Graph Algorithm",
    "description": "An algorithm used to find the shortest path between nodes in a weighted graph, ensuring the minimum total distance from a source node to all others.",
    "best": "O(V^2)",
    "avg": "O(E + V log V)",
    "worst": "O(E + V log V)",
    "link": "/ComingSoon"
  },
  {
    "name": "A* Search",
    "difficulty": "Hard",
    "category": "Graph Algorithm",
    "description": "A pathfinding algorithm that uses heuristics and cost functions to efficiently find the shortest route from a start point to a goal point.",
    "best": "O(E)",
    "avg": "O(E)",
    "worst": "O(E)",
    "link": "/ComingSoon"
  },
  {
    "name": "Depth-First Search",
    "difficulty": "Easy",
    "category": "Graph Algorithm",
    "description": "A graph traversal algorithm that explores as far as possible along each branch before backtracking, typically implemented using recursion or a stack.",
    "best": "O(V + E)",
    "avg": "O(V + E)",
    "worst": "O(V + E)",
    "link": "/ComingSoon"
  },
  {
    "name": "Kruskal's Algorithm",
    "difficulty": "Medium",
    "category": "Graph Algorithm",
    "description": "An algorithm for finding the minimum spanning tree of a graph by sorting edges by weight and adding them one by one while avoiding cycles.",
    "best": "O(E log E)",
    "avg": "O(E log E)",
    "worst": "O(E log E)",
    "link": "/ComingSoon"
  }
]
