[
  {
    "name": "Bubble Sort",
    "difficulty": "Easy",
    "category": "Sorting",
    "description": "A simple sorting algorithm that repeatedly steps through the list, compares adjacent elements and swaps them if they are in the wrong order.",
    "best": "O(n)",
    "avg": "O(n²)",
    "worst": "O(n²)",
    "link": "/123"
  },
  {
    "name": "Quick Sort",
    "difficulty": "Medium",
    "category": "Sorting",
    "description": "An efficient divide-and-conquer sorting algorithm that picks a pivot element and partitions the array around it.",
    "best": "O(n log n)",
    "avg": "O(n log n)",
    "worst": "O(n²)",
    "link": "/ComingSoon"
  },
  {
    "name": "Merge Sort",
    "difficulty": "Medium",
    "category": "Sorting",
    "description": "A divide-and-conquer algorithm that divides the array into halves, sorts them, and merges them back together.",
    "best": "O(n log n)",
    "avg": "O(n log n)",
    "worst": "O(n log n)",
    "link": "/ComingSoon"
  },
  {
    "name": "Insertion Sort",
    "difficulty": "Easy",
    "category": "Sorting",
    "description": "A simple sorting algorithm that builds the final sorted array one item at a time by inserting elements into their correct position.",
    "best": "O(n)",
    "avg": "O(n²)",
    "worst": "O(n²)",
    "link": "/ComingSoon"
  },
  {
    "name": "Selection Sort",
    "difficulty": "Easy",
    "category": "Sorting",
    "description": "A simple sorting algorithm that repeatedly finds the minimum element from the unsorted portion and places it at the beginning.",
    "best": "O(n²)",
    "avg": "O(n²)",
    "worst": "O(n²)",
    "link": "/ComingSoon"
  }
]
